"Area","Nombres","DNI","Nro. Celular","Correo","OPCIONES"
"VENTAS","Taylor O'Hara","10000000","99999999","ekling@hotmail.com",""
"VENTAS","Ruthie Champlin","9999999","99999999","pansy.cruickshank@runte.com",""
"VENTAS","Precious Kuphal","10000000","99999999","bertrand.damore@mann.biz",""
"VENTAS","Mafalda Lemke","10000000","100000000","zmann@gmail.com",""
"VENTAS","Sonny Altenwerth","9999999","99999999","pascale.little@rutherford.com",""
"VENTAS","Lucious Nicolas","10000000","100000000","mdietrich@hotmail.com",""
"VENTAS","Eusebio Bartell","9999999","100000000","name93@howe.com",""
"VENTAS","Kay Grady","9999999","100000000","ewaelchi@gmail.com",""
"VENTAS","Mac Cartwright","10000000","100000000","jairo.ondricka@koepp.net",""
"VENTAS","Eunice Kozey","10000000","99999999","rlegros@kshlerin.org",""
"VENTAS","Quincy Conroy","10000000","99999999","dagmar.oberbrunner@upton.com",""
"VENTAS","Wilfredo Bradtke","9999999","100000000","brown.delpha@prosacco.net",""
"VENTAS","Kelsie Schowalter","10000000","100000000","esperanza.effertz@gmail.com",""
"VENTAS","Ignatius Krajcik","10000000","99999999","dietrich.jabari@yahoo.com",""
"VENTAS","Agustin Weber","10000000","100000000","tyrell.feeney@senger.com",""
"VENTAS","Oscar Huel","10000000","100000000","uemard@yahoo.com",""
"VENTAS","Kane Rohan","9999999","99999999","little.mossie@lehner.com",""
"VENTAS","Nathanael Altenwerth","10000000","99999999","eli59@hotmail.com",""
"VENTAS","Dashawn Bergnaum","9999999","99999999","hessel.darion@predovic.com",""
"VENTAS","Claudine Harber","10000000","100000000","kaylee.heaney@jenkins.com",""
"VENTAS","Griffin Feeney","10000000","99999999","else50@littel.com",""
"VENTAS","Jewell Braun","9999999","99999999","renner.kathleen@stanton.com",""
"VENTAS","Conor Gislason","10000000","100000000","emilio.mante@yahoo.com",""
"VENTAS","Oswald O'Keefe","9999999","99999999","tremblay.orland@reynolds.org",""
"VENTAS","Lori Veum","10000000","100000000","randall.boyer@kuphal.com",""
"VENTAS","Kacey Walsh","10000000","100000000","pauline.hill@cronin.org",""
"VENTAS","Jennifer Roberts","10000000","99999999","schamberger.kolby@schoen.net",""
"VENTAS","Casper Kris","10000000","99999999","clotilde64@hotmail.com",""
"VENTAS","Tyra Hermann","10000000","99999999","olson.brown@gmail.com",""
"VENTAS","Elva Rice","10000000","99999999","yundt.brandi@hotmail.com",""
"VENTAS","Tabitha Goyette","10000000","100000000","jacobs.abby@strosin.com",""
"VENTAS","Meaghan D'Amore","10000000","99999999","cassie.rippin@yahoo.com",""
"VENTAS","Ernestina Runte","10000000","99999999","csauer@bahringer.com",""
"VENTAS","Clement Carter","9999999","99999999","white.amelia@becker.com",""
"VENTAS","Erna Pollich","10000000","100000000","jorge48@spencer.biz",""
"VENTAS","Sheila Sawayn","9999999","99999999","regan.koch@yahoo.com",""
"VENTAS","Liza Koch","10000000","99999999","lhayes@hotmail.com",""
"VENTAS","Gwen Brakus","9999999","100000000","treutel.chanel@yahoo.com",""
"VENTAS","Evalyn Murray","10000000","100000000","douglas.klein@ullrich.com",""
"VENTAS","Arturo Herman","10000000","99999999","sgulgowski@yahoo.com",""
"VENTAS","Hannah Bernhard","9999999","99999999","umann@considine.com",""
"VENTAS","Eusebio Legros","10000000","99999999","miller.eugenia@fisher.com",""
"VENTAS","Bertrand Kiehn","10000000","99999999","julianne08@yahoo.com",""
"VENTAS","Allison Wolff","10000000","100000000","jeanie.jenkins@bednar.com",""
"VENTAS","Emely Stiedemann","9999999","100000000","cparker@gmail.com",""
"VENTAS","Yvette Fritsch","10000000","100000000","aurelia64@dach.org",""
"VENTAS","Eddie Lindgren","10000000","99999999","kelley47@doyle.com",""
"VENTAS","Max Walker","9999999","100000000","jziemann@hotmail.com",""
"VENTAS","Tevin Weissnat","10000000","99999999","macejkovic.maida@gmail.com",""
"VENTAS","Geovanny Murphy","10000000","100000000","altenwerth.jacey@rosenbaum.com",""
"VENTAS","Bernhard Kirlin","9999999","99999999","mraz.malika@gmail.com",""
"VENTAS","Emma Daugherty","9999999","100000000","enrique98@gmail.com",""
"VENTAS","Madaline Hettinger","10000000","99999999","sarah.hamill@hotmail.com",""
"VENTAS","Abby Mosciski","9999999","100000000","chelsie08@hotmail.com",""
"VENTAS","Adeline Pollich","9999999","100000000","grant58@grant.info",""
"VENTAS","Kole Donnelly","10000000","100000000","ypaucek@hotmail.com",""
"VENTAS","Oleta Reichert","9999999","100000000","annabel.harvey@jast.com",""
"VENTAS","Sabina Mills","10000000","100000000","qwisozk@gmail.com",""
"VENTAS","Bennie Mosciski","9999999","100000000","golda.haley@reinger.info",""
"VENTAS","Hilton McKenzie","10000000","100000000","jlittel@orn.biz",""
"VENTAS","Lincoln Volkman","10000000","99999999","hcassin@hotmail.com",""
"VENTAS","Karen Moore","10000000","100000000","cody75@hackett.com",""
"VENTAS","Madelynn Kohler","10000000","99999999","edward.keebler@powlowski.com",""
"VENTAS","Sarai Williamson","10000000","99999999","mokeefe@schimmel.biz",""
"VENTAS","Miguel Hyatt","10000000","99999999","nhill@stanton.com",""
"VENTAS","Reed Toy","9999999","99999999","lmurray@trantow.net",""
"VENTAS","Price Collins","9999999","99999999","elisha43@powlowski.com",""
"VENTAS","Linwood Gaylord","10000000","100000000","alexandria.heidenreich@schmitt.net",""
"VENTAS","Hildegard Jakubowski","10000000","99999999","triston.casper@hotmail.com",""
"VENTAS","Hillary Rath","10000000","100000000","belle.hilpert@hotmail.com",""
"VENTAS","Concepcion Mraz","9999999","100000000","wendell.deckow@tromp.com",""
"VENTAS","Marc Ondricka","10000000","100000000","hleannon@grady.com",""
"VENTAS","Ada Heaney","10000000","99999999","nels.reichert@goyette.info",""
"VENTAS","Marcellus Bergnaum","10000000","99999999","retta47@labadie.com",""
"VENTAS","Lamont Trantow","9999999","99999999","hgerhold@yahoo.com",""
"VENTAS","Wilburn Dietrich","10000000","99999999","lilian11@hotmail.com",""
"VENTAS","Hugh Braun","10000000","99999999","kuvalis.maurine@hotmail.com",""
"VENTAS","Leonie Stroman","10000000","100000000","jamey25@gmail.com",""
"VENTAS","Amiya Schmitt","9999999","100000000","ibeer@hotmail.com",""
"VENTAS","Moses Ullrich","10000000","100000000","hoeger.freida@cormier.org",""
"VENTAS","River Gusikowski","9999999","100000000","hlueilwitz@langworth.com",""
"VENTAS","Oswaldo Feil","9999999","99999999","connie.oconner@lind.com",""
"VENTAS","Abel Mueller","9999999","100000000","rodriguez.amelie@hotmail.com",""
"VENTAS","Adela Bechtelar","9999999","99999999","yasmin20@brakus.biz",""
"VENTAS","Seth Thiel","9999999","100000000","icruickshank@fay.com",""
"VENTAS","Lavern Greenholt","9999999","99999999","lizzie33@yahoo.com",""
"VENTAS","Rosella Anderson","9999999","100000000","hudson65@schulist.com",""
"VENTAS","Kaya Stehr","10000000","100000000","moore.name@hotmail.com",""
"VENTAS","Lafayette Kassulke","9999999","100000000","manuela.zemlak@durgan.com",""
"VENTAS","William Funk","10000000","100000000","king.gustave@hartmann.info",""
"VENTAS","Odell Muller","9999999","100000000","batz.wyman@gmail.com",""
"VENTAS","Electa Ullrich","9999999","99999999","veum.kailee@farrell.com",""
"VENTAS","Maude Quitzon","10000000","100000000","tlesch@hotmail.com",""
"VENTAS","Bernhard Borer","9999999","100000000","casper.hollis@schulist.com",""
"VENTAS","Jaime Kunze","9999999","100000000","hayes.rosanna@brakus.org",""
"VENTAS","Westley Hansen","10000000","100000000","delaney.orn@yahoo.com",""
"VENTAS","Jennifer Harvey","9999999","100000000","assunta73@medhurst.com",""
"VENTAS","Jensen Wilderman","9999999","100000000","wisozk.ariane@yahoo.com",""
"VENTAS","Maiya Kuhn","9999999","99999999","prohaska.cordell@grimes.biz",""
"VENTAS","Vickie Bosco","10000000","100000000","christelle.johnson@rodriguez.biz",""
"VENTAS","Salma Reichert","9999999","100000000","haven.jast@gerhold.biz",""
"VENTAS","Emile Volkman","9999999","100000000","grant.derek@ernser.net",""
"VENTAS","Kailyn Cruickshank","9999999","99999999","jarod.nicolas@gmail.com",""
"VENTAS","Jacynthe Gleason","9999999","100000000","edd.glover@oconnell.com",""
"VENTAS","Rebecca Rippin","9999999","100000000","nico.bradtke@cruickshank.com",""
"VENTAS","Tracy Volkman","9999999","100000000","paxton28@gmail.com",""
"VENTAS","Emery Carroll","9999999","100000000","roob.kenyon@jacobson.com",""
"VENTAS","Eunice Towne","10000000","99999999","rutherford.kiera@cruickshank.com",""
"VENTAS","Wilfrid Wolff","9999999","100000000","waters.april@hotmail.com",""
"VENTAS","Adam Walker","9999999","100000000","maud31@gmail.com",""